{
    "ABBV": 0.1772265849348723,
    "ACIC": 0.0257164923902708,
    "APP": 0.0445066827722985,
    "CLS": 0.1077854524731594,
    "FTAI": 0.0380340492904696,
    "HCA": 0.1074313368018327,
    "HRTG": 0.0359883209586767,
    "IAG": 0.0705658102130389,
    "LMB": 0.0082844068677405,
    "MAMA": 0.092301589001079,
    "MFH": 0.0189883194460851,
    "PLTR": 0.0280902501720975,
    "POWL": 0.0243499112481684,
    "PSIX": 0.0676344848040197,
    "SLNO": 0.0093869652544394,
    "SMMT": 0.0036115917823929,
    "STRL": 0.0405586094243624,
    "TSSI": 0.0179249483792809,
    "UAMY": 0.0135761851068995,
    "VRNA": 0.0531235852849072,
    "ZEPP": 0.0143065734985942
}