{
    "ACIC": 0.0678901001353878,
    "AGX": 0.0290140909573645,
    "APP": 0.1041971190064548,
    "CLS": 0.1990144181962046,
    "DAVE": 0.0274756276765805,
    "FTAI": 0.0481247998936268,
    "HRTG": 0.0504477345436264,
    "MAMA": 0.1079236934309153,
    "MFH": 0.0098340105252502,
    "PLTR": 0.0312024880879326,
    "POWL": 0.0148088104769242,
    "PPTA": 0.0290988333047403,
    "PSIX": 0.0583853203021213,
    "PTGX": 0.1050502698798148,
    "SLNO": 0.0153660068322574,
    "SMMT": 0.0060726621829835,
    "TSSI": 0.029652739059492,
    "UAMY": 0.0246204260037747,
    "XNET": 0.0408875768536485
}