{
    "ABBV": 0.1066079572427118,
    "ACIC": 0.0576918300351494,
    "APP": 0.0708880196367158,
    "CLS": 0.1331394037873586,
    "DAVE": 0.0147730148790093,
    "FEIM": 0.0987335272543034,
    "FTAI": 0.0547957202261562,
    "HCA": 0.0262847309119532,
    "HRTG": 0.0632925166657365,
    "IAG": 0.0285097304128211,
    "MAMA": 0.1027301418423932,
    "MFH": 0.0159946858202831,
    "PLTR": 0.0163455272101894,
    "POWL": 0.0248644376866002,
    "PPTA": 0.0213282866278455,
    "PSIX": 0.0574812596735007,
    "SLNO": 0.0116497868171808,
    "SMMT": 0.0064150255511332,
    "TSSI": 0.0193224025802066,
    "UAMY": 0.0427030412950413,
    "ZEPP": 0.0257268365333592
}