{
    "ACIC": 0.0661970224808713,
    "AGX": 0.0261356287927332,
    "APP": 0.0763604662598929,
    "BWAY": 0.0237551043059021,
    "CDTX": 0.018817620412491,
    "CELC": 0.0118096427367193,
    "CLS": 0.107096750728286,
    "CVNA": 0.0151988022642499,
    "HRTG": 0.0594206439996078,
    "IDCC": 0.1732217957658814,
    "INSM": 0.0389201611831361,
    "KINS": 0.0537874956355479,
    "KTOS": 0.0146323866928126,
    "MAMA": 0.0746574812500261,
    "NGL": 0.0838198475616527,
    "NPCE": 0.0190981736894472,
    "PPTA": 0.0150670546934978,
    "PSIX": 0.0151724257794542,
    "PTGX": 0.0846382906599583,
    "SLNO": 0.0097945241585515,
    "SMMT": 0.0041697237109141,
    "UAMY": 0.007672766365881
}