{
    "ACIC": 0.062484982330382,
    "AGX": 0.0519344598262532,
    "APP": 0.1008803055276926,
    "CDTX": 0.0257881392393978,
    "CELC": 0.012088851032692,
    "CLS": 0.1611446926156901,
    "CVNA": 0.0230226119041519,
    "DAVE": 0.0157116591923232,
    "FTAI": 0.0294757551205511,
    "GGAL": 0.0128165873541222,
    "HRTG": 0.0990467771496541,
    "INSM": 0.0466705691300997,
    "KINS": 0.0728593517773672,
    "MAMA": 0.0889651522499092,
    "PLTR": 0.0223190599512691,
    "POWL": 0.0011591515220138,
    "PPTA": 0.0044632840465734,
    "PSIX": 0.0286019356901614,
    "PTGX": 0.1012532813927072,
    "SLNO": 0.0100068804217538,
    "SMMT": 0.0066943132211154,
    "UAMY": 0.0222002049443395
}