{
    "ABBV": 0.0961889844404378,
    "ACIC": 0.0318907421690623,
    "APP": 0.0611434380491362,
    "ASM": 0.006220263378562,
    "CLS": 0.1435399907341404,
    "FTAI": 0.040518980926228,
    "HCA": 0.0534034604908726,
    "HRTG": 0.0449548302281099,
    "IAG": 0.0859201978603416,
    "LMB": 0.0062416954340578,
    "MAMA": 0.103828421998354,
    "MFH": 0.0237320686577934,
    "PLTR": 0.0369307576323648,
    "POWL": 0.0225900503932277,
    "PSIX": 0.0857717644635307,
    "SLNO": 0.0114153624551599,
    "SMMT": 0.0061338260546704,
    "STRL": 0.0398083174771036,
    "TSSI": 0.0232688117514747,
    "UAMY": 0.0123971263483284,
    "VRNA": 0.0641009090570438
}