{
    "ACIC": 0.068659759746896,
    "AGX": 0.0554811967284807,
    "APP": 0.1069042134928733,
    "BWAY": 0.0454572018205759,
    "CDTX": 0.0216678909507925,
    "CELC": 0.0111208477649319,
    "CLS": 0.1513209890766542,
    "CVNA": 0.0285985842276357,
    "FTAI": 0.0298873953682546,
    "HRTG": 0.0673860317710267,
    "INSM": 0.0451375895422505,
    "IREN": 0.0077421463583609,
    "KINS": 0.0506285683935251,
    "MAMA": 0.0923584291252115,
    "NPCE": 0.0304196673735957,
    "OLMA": 0.0105131095433021,
    "PHVS": 0.0085002584795988,
    "PLTR": 0.0030179971976495,
    "PPTA": 0.0241944629477742,
    "PSIX": 0.0146125085967474,
    "PTGX": 0.1003577771437146,
    "SLNO": 0.0116519722954775,
    "SMMT": 0.0063843925376689,
    "TSSI": 0.0044885206368768,
    "UAMY": 0.0029261572886273
}