{
    "ABBV": 0.1485815451459232,
    "ACIC": 0.0604043189375192,
    "APP": 0.0790490711055361,
    "ASM": 0.0183034908303472,
    "CLS": 0.1671286596915107,
    "FTAI": 0.0508656761900472,
    "HCA": 0.0275200035153586,
    "HRTG": 0.0654744785699286,
    "IAG": 0.0674370727626745,
    "MFH": 0.0252694585829672,
    "PLTR": 0.0293837934654275,
    "POWL": 0.0353949459944831,
    "PPTA": 0.0243240759078075,
    "PSIX": 0.0594146390841346,
    "QURE": 0.0018446993667504,
    "SLNO": 0.0129594994307317,
    "SMMT": 0.0063963681341694,
    "STRL": 0.022292907023558,
    "TMQ": 0.0031666469519735,
    "TSSI": 0.022610383163139,
    "UAMY": 0.0464099617137,
    "ZEPP": 0.0243023058964304
}