{
    "ABBV": 0.134860741117798,
    "ABTS": 0.0010915680783475,
    "ACIC": 0.0521084666624228,
    "APP": 0.0673688267792606,
    "CLS": 0.1391902901557044,
    "FTAI": 0.0398439005887996,
    "HRTG": 0.0639128144342871,
    "IAG": 0.0897710802132131,
    "KTOS": 0.0643847494670364,
    "MFH": 0.0306831311491915,
    "PLTR": 0.0246434390159836,
    "POWL": 0.0266707522276517,
    "PPTA": 0.0115762803001466,
    "PSIX": 0.0679753248601855,
    "PTGX": 0.0714691077320453,
    "QURE": 0.0014003026018464,
    "SLNO": 0.0119581543470089,
    "SMMT": 0.0070656646916991,
    "STKE": 0.0016129288992611,
    "STRL": 0.0106008729488084,
    "TSSI": 0.0269338178902686,
    "UAMY": 0.0542870281793937
}