{
    "ACIC": 0.0744764362526928,
    "AGX": 0.0305204092159055,
    "APP": 0.1066556370107904,
    "CLS": 0.180628425653394,
    "CVNA": 0.0106947902848823,
    "DAVE": 0.0211864147506719,
    "FTAI": 0.0323810141685447,
    "GGAL": 0.0124948600367801,
    "HRTG": 0.0999117176355373,
    "MAMA": 0.1065180710807278,
    "MFH": 0.0199076742703678,
    "PLTR": 0.0308646132769243,
    "POWL": 0.0165353824940851,
    "PPTA": 0.0116789466074858,
    "PSIX": 0.0514315749268808,
    "PTGX": 0.0995661784127506,
    "SLNO": 0.011733610906271,
    "SMMT": 0.0070470623424685,
    "SY": 0.0234530265799154,
    "TSSI": 0.0163468172998125,
    "UAMY": 0.0352658070785481
}