{
    "ABBV": 0.1389359899356096,
    "ACIC": 0.0397055254832328,
    "APP": 0.0767467783060619,
    "ASM": 0.0032676943353448,
    "CLS": 0.1184411527053394,
    "FTAI": 0.0344701738901186,
    "HCA": 0.046655369218412,
    "HRTG": 0.0394562650831732,
    "IAG": 0.0922138001620162,
    "MAMA": 0.0964864639750431,
    "MFH": 0.0355014088598781,
    "PLTR": 0.0188895755842804,
    "POWL": 0.0301513447966475,
    "PSIX": 0.0761072250650233,
    "SLNO": 0.0109289097915708,
    "SMMT": 0.0079913261559886,
    "STRL": 0.0358926354181797,
    "TSSI": 0.0277748322539058,
    "UAMY": 0.0242254976129693,
    "VRNA": 0.0461580313672051
}